{"cameraMode":{"drawMode":0,"name":"Shaded","section":"Shading Mode"},"sceneLighting":true,"audioPlay":false,"sceneViewState":{"m_AlwaysRefresh":false,"showFog":true,"showSkybox":true,"showFlares":true,"showImageEffects":true,"showParticleSystems":true,"showVisualEffectGraphs":true,"m_FxEnabled":true},"in2DMode":false,"pivot":{"x":-8.990636825561524,"y":14.896717071533204,"z":1.0753326416015626},"rotation":{"x":0.41398343443870547,"y":0.26126930117607119,"z":-0.1253415197134018,"w":0.862930178642273},"size":25.446895599365236,"orthographic":false}